planet_name,star_name,planet_radius,planet_mass,orbital_period,star_temperature,habitable_zone
Exo-0,Star-103,18.635328278811222,7.4404630202765505,81.25190907001684,5599.859973550985,False
Exo-1,Star-436,1.873114551566106,5.7741934076481485,326.1082139343301,4860.957956580194,False
Exo-2,Star-861,4.573914993499524,9.977156897646049,163.63680651208537,7522.630864237556,False
Exo-3,Star-271,13.587298578068987,7.548790888384345,295.5417055039256,6495.336844850328,False
Exo-4,Star-107,7.493612235275196,7.099106566310245,217.19012773685614,4862.134946037665,False
Exo-5,Star-72,5.456191156859906,7.807862196602436,492.19135229404907,4044.6644456512327,True
Exo-6,Star-701,6.258166474169306,1.5169670569298492,75.64074069111531,3890.3983388121474,True
Exo-7,Star-21,6.78973990265271,2.1249914723776864,232.83469972126926,9052.622744982924,True
Exo-8,Star-615,17.049061001031152,7.169234414013781,340.5478565533033,4704.345778834071,True
Exo-9,Star-122,3.1641159631195617,4.9904167225955405,198.37699685610437,7561.9745353767785,False
Exo-10,Star-467,14.323764439747313,7.5708893894151545,487.3752260834742,8674.801495903865,False
Exo-11,Star-215,11.2799895497042,1.1188687043670358,361.2219263355406,7298.569178293153,True
Exo-12,Star-331,6.281947801132071,5.411165379697488,328.834944924682,9016.95662152862,False
Exo-13,Star-459,8.685726700702391,3.8503334990134657,378.77257453800047,5746.756050699321,False
Exo-14,Star-88,5.496035400091932,4.624302170888615,476.3716703813198,9693.555334542638,True
Exo-15,Star-373,12.42451736188077,6.079182933517874,454.00150783933543,3932.0150292466788,True
Exo-16,Star-100,2.091086517804687,5.072654639879048,362.41836875507954,3715.0467076027667,False
Exo-17,Star-872,0.6011048240927421,5.444620307417083,374.8316579115403,7610.845023452105,False
Exo-18,Star-664,12.743941091498403,4.914939071756518,73.81511494353758,9599.817989892832,True
Exo-19,Star-131,4.2883420934848235,4.148656253146383,52.29340984184018,8662.184231454297,True
Exo-20,Star-662,1.8833478814985893,7.741631607922627,285.881346420238,3534.91801606636,True
Exo-21,Star-309,8.237284630670823,0.22081041594864073,10.16545083332946,4955.573997543014,False
Exo-22,Star-770,1.4899863552682402,6.024582741931748,241.69583439424417,9512.232193864766,True
Exo-23,Star-344,17.78903440453787,5.698532638497441,105.96444037951544,4771.409029605492,True
Exo-24,Star-492,1.0385270515372418,7.190172839856227,173.66226725477495,8468.192966508435,False
Exo-25,Star-414,11.787865462397395,6.030390711295532,388.12656316068507,8775.925371500927,False
Exo-26,Star-806,9.050245398852695,8.285308395309876,470.6775146119609,6468.164724226873,False
Exo-27,Star-386,13.604509638256388,9.594840466183875,37.13571980102441,5704.442368938208,False
Exo-28,Star-192,6.898977015757272,3.49099014606758,267.5868607822461,6150.871026938317,False
Exo-29,Star-956,3.5233115261910117,2.3507747319968715,441.3842094239804,4588.752860557549,True
Exo-30,Star-277,19.645897322055355,4.293608937962781,42.171758685770214,9225.73641290191,True
Exo-31,Star-161,16.859203290352585,2.950503203109689,412.43250940152006,6154.337597108305,False
Exo-32,Star-460,17.277890057077666,6.188007605211279,179.5428741132074,9177.2160831927,False
Exo-33,Star-314,5.379901530059349,9.127338847545351,161.72525640744834,3739.8543593439185,False
Exo-34,Star-22,1.2572773213737525,1.4772503220163125,488.7557267710781,9917.92689700092,False
Exo-35,Star-253,6.413677536127845,1.0978665698572763,101.22868584128479,6102.911612105328,False
Exo-36,Star-748,10.97310733033478,2.634553765351256,346.9037764705178,3334.8157427587385,True
Exo-37,Star-857,6.869699215022798,7.288346302017768,410.89892327692337,3266.1529376621843,True
Exo-38,Star-561,16.643445573857978,5.970332762062334,21.550564144356567,8223.45080237287,True
Exo-39,Star-475,5.795086858484967,1.111905375829476,335.5223437188517,7613.248739425765,True
Exo-40,Star-59,19.32241069262001,9.19563017038139,475.8234372033082,8614.913906893113,False
Exo-41,Star-511,9.416670651467706,7.921837907528459,62.98576339730162,3737.572737669642,True
Exo-42,Star-682,16.919449962733637,0.3279237873976114,448.2144300398341,3248.9960692488385,False
Exo-43,Star-476,4.290410662900024,6.548535388783637,297.7935420510911,6560.055026133049,False
Exo-44,Star-700,8.521401148605232,7.735342018345406,308.6856863493745,5713.166620379387,False
Exo-45,Star-976,14.14048810996028,3.806910160232178,306.8591432579374,6233.628556696691,True
Exo-46,Star-783,3.1978853021471263,0.782323239735466,150.11910728231962,9941.118862091918,False
Exo-47,Star-190,3.0885357337379116,0.8654785483389938,467.66570583443036,9795.249703694692,True
Exo-48,Star-958,19.4059689087261,1.132044963912914,473.72788085288835,9596.20772771235,True
Exo-49,Star-687,14.434604531509066,8.420352356606188,313.02702544676,8486.898737373716,False
Exo-50,Star-958,1.300816576973578,9.11579336273156,391.92794024486574,5483.889521798233,False
Exo-51,Star-563,8.277007578173494,1.3158267402727646,306.5167349546978,5884.916511839401,False
Exo-52,Star-876,8.95365438282447,2.435469742491304,242.71482533944626,6847.3123060324715,True
Exo-53,Star-567,15.00883153848275,1.7386530526361688,330.7492390313261,8813.74119483388,False
Exo-54,Star-244,5.391780283259894,1.9445767069917947,276.9477248433873,3480.9898276278745,True
Exo-55,Star-832,4.0945066494617155,8.391158811124672,299.1404554533331,5970.0782011942165,False
Exo-56,Star-505,2.0770228490353544,3.388249485283896,392.1324441560121,3578.323644214881,False
Exo-57,Star-131,8.852132261332102,3.183298214051848,240.97101189304345,6602.603106014581,True
Exo-58,Star-485,13.925748064924644,2.3512166466834152,21.33629894014391,9292.305768043647,True
Exo-59,Star-819,1.6347751124146503,6.118154498563161,82.83574101375912,8477.394471947566,True
Exo-60,Star-647,18.34666768871637,3.8551264140169335,219.86500102827964,4594.8969228017695,True
Exo-61,Star-21,9.125868479756537,7.46807155324856,362.6884533771551,9831.935947191547,True
Exo-62,Star-841,5.175853503569363,2.1352401029188113,297.0460455067792,7671.452786324999,True
Exo-63,Star-167,2.330529156585189,7.899119898273475,325.4967987508535,3072.9938957818213,False
Exo-64,Star-274,4.065886943592493,6.076843164128376,240.16018535956735,4787.8943927965365,False
Exo-65,Star-388,18.72497294812434,1.2312462705513088,308.25526894917914,4824.993099439415,True
Exo-66,Star-601,12.946276579945332,4.203595383615914,165.17970146951643,3484.7801440010194,False
Exo-67,Star-316,10.57557701981805,8.648829592068275,235.62111375563586,9718.785626531502,True
Exo-68,Star-14,13.313670905753254,9.237306294805,372.39525373188286,6347.787062031466,False
Exo-69,Star-242,8.995621524218876,4.7104312109562505,436.04455670758745,9270.702181603174,False
Exo-70,Star-777,14.735766672955462,4.860286083081828,217.39401164423805,5255.508524112399,True
Exo-71,Star-346,1.4304644899871515,9.192701776899082,22.787167195973232,3876.6349930297897,True
Exo-72,Star-565,11.537725604634488,5.911975418952016,81.67459952925452,6320.352769343497,True
Exo-73,Star-898,3.593605729028575,0.4251820354100397,11.409708506477513,3797.69644300022,False
Exo-74,Star-340,2.8432106322100226,9.136219682503375,326.97824659942773,6402.108520842779,True
Exo-75,Star-92,7.166653500969831,2.5574417832958036,166.82499805219936,9442.080268535854,False
Exo-76,Star-367,2.2900817833621168,5.818556345506318,271.6968392239644,6645.376992839489,True
Exo-77,Star-956,2.336061271236922,1.7385818425369408,247.14514654511598,7315.498088265585,False
Exo-78,Star-455,6.572559533130237,0.4354036864412904,41.681718286660924,4096.469058816658,False
Exo-79,Star-428,19.600455308119418,3.1835843942142983,202.22741920079207,3306.1493811597866,True
Exo-80,Star-509,3.9189402628421015,7.826907504706268,111.06000133623931,3775.655735258649,False
Exo-81,Star-776,0.8346414857191295,2.8481130090312394,209.7814945451587,7189.721029790559,False
Exo-82,Star-943,15.385606248576263,2.278962419402861,102.58556189077909,3665.0818929461325,True
Exo-83,Star-35,16.2348030524902,2.2055397649781403,420.3857507321898,5631.95022958918,False
Exo-84,Star-206,7.252934261243316,5.200219455827445,87.92247495254857,6850.643583207092,True
Exo-85,Star-81,9.561139352322423,9.757859025259288,480.42949519200147,5720.569590408929,True
Exo-86,Star-932,13.170586811533886,4.64399098136843,208.53777570732345,4145.786610257111,True
Exo-87,Star-562,1.4371490218421576,5.617323152011474,423.2764007175056,4916.539152598745,True
Exo-88,Star-872,19.008341766032025,8.620256977118267,314.7536442847666,9498.222729940038,False
Exo-89,Star-388,17.790267552311928,5.397190217443221,367.9397990342106,7731.875929104488,False
Exo-90,Star-2,5.587425655163422,1.9261824270466754,384.09422014532333,6472.334870759206,False
Exo-91,Star-390,0.7984385356625026,3.065999526488123,252.91759606461588,3089.0042299082547,True
Exo-92,Star-566,18.702008007549917,3.168375570059248,272.1069611582809,9946.907803426291,False
Exo-93,Star-106,10.270277736347555,4.033449343030219,257.48393803655375,7700.184544262503,False
Exo-94,Star-772,11.01786024380122,4.3252101628338195,294.4411306669495,5218.457341414614,True
Exo-95,Star-822,13.837293503263751,8.017842018535267,15.667828432497139,9154.880619984868,True
Exo-96,Star-477,12.50909770560332,3.5589312905883967,198.36206975465862,4809.021342042726,False
Exo-97,Star-703,18.905886288934763,4.735495101569656,303.4881680670246,6808.116054279261,True
Exo-98,Star-402,18.912906143940763,6.287262271805417,299.2640590626763,7452.495346108775,True
Exo-99,Star-730,17.410379204322574,3.839486879657676,396.68509120821017,4547.4436001761,True
Exo-100,Star-556,12.90987015019722,8.381991651594095,327.84966007722215,9848.78095160417,True
Exo-101,Star-162,16.118511246306795,5.915790681917336,496.0745248539955,8237.343341852982,False
Exo-102,Star-202,13.704782676468144,3.0110423242876183,142.64340977571388,6904.692578577489,True
Exo-103,Star-958,11.6806573126027,7.1691860779193,180.2163638034495,4264.162187227106,True
Exo-104,Star-996,3.0057568880612484,5.32371252843338,192.53972878203035,3377.0074489861827,True
Exo-105,Star-270,16.31848144635206,5.391113323446745,233.44059070310402,5240.418827646884,True
Exo-106,Star-863,16.50246977700713,4.862770689037101,418.1630338268235,8272.31135139382,True
Exo-107,Star-816,12.70582356698067,5.020418293330366,118.66025488564571,4885.319088114175,True
Exo-108,Star-271,16.498323453539726,7.677027182555783,388.2241033106793,6776.893543468535,True
Exo-109,Star-456,13.203953051226865,1.1195166453800236,203.24978135978597,8095.630237115202,True
Exo-110,Star-462,4.5303450175965345,3.4101918319737736,301.3258364473422,3755.6060025252505,False
Exo-111,Star-727,5.842241982762109,0.8474833016585034,316.6377260799267,7797.086112811114,True
Exo-112,Star-252,4.684487834313296,7.557137585399763,187.0514699572783,3643.096213970313,False
Exo-113,Star-702,7.856552122945529,2.7957883617309647,256.7949873976968,9755.908194888976,True
Exo-114,Star-296,1.2597810800495557,8.984561057206955,207.1025561492008,6418.758910454577,True
Exo-115,Star-725,12.55595074458891,5.3131268199270085,35.4972603071231,4054.732753969142,True
Exo-116,Star-720,7.062807190330167,8.027422737712598,219.14552901959644,5396.685452234826,True
Exo-117,Star-749,13.286591389924473,9.791421212598015,49.59930288422253,5893.9151450668305,False
Exo-118,Star-338,8.015234108828519,8.413909708620048,203.10537874108044,8307.295077535762,True
Exo-119,Star-879,13.7914665449694,8.683238224114083,296.86628151605913,8203.966502536265,True
Exo-120,Star-53,7.142179104552681,4.139046504111962,290.12803477240686,7283.583537361317,False
Exo-121,Star-792,5.583543300600111,5.5620536930674636,331.6480182251519,3741.5149879094506,False
Exo-122,Star-922,10.17273035872142,2.6134967840287127,48.535492469358516,4060.985601113715,True
Exo-123,Star-217,14.011361994492818,2.041519686965183,326.4094995196885,3656.2984445188963,False
Exo-124,Star-764,7.2925637868373485,5.104528003149735,156.7618802915271,7040.209483012851,False
Exo-125,Star-188,18.764638961186293,5.990984899034164,200.12392712241842,9139.969090579827,False
Exo-126,Star-380,1.2641333701751019,3.4587853343722905,429.1351407074302,6036.603585783402,True
Exo-127,Star-493,8.649947618453785,5.737490825858654,5.506171660645576,4125.937217704223,True
Exo-128,Star-41,19.367820754644825,8.88585877688368,294.6179040369621,6906.296276042769,True
Exo-129,Star-157,11.185451723337703,5.611543689355324,299.7582760699537,8682.265518059969,False
Exo-130,Star-15,8.757683375008313,7.236049653474016,198.93322839543742,8191.98443059051,True
Exo-131,Star-813,11.586145533124187,8.07261817684326,119.27690069705976,9170.15545772515,False
Exo-132,Star-65,11.73052921753265,9.888414941358883,118.102345092514,4945.314680742074,True
Exo-133,Star-857,14.767131228342985,6.071654281552098,441.97112516071553,4357.677070874424,True
Exo-134,Star-839,2.989949723738079,8.087816474729602,221.5701625176459,9158.71540159357,False
Exo-135,Star-521,5.375320759714041,9.630228253693259,166.1137921315968,7602.922189446162,True
Exo-136,Star-344,11.820608240706242,9.449656283215008,224.9400093418701,5176.502510052879,False
Exo-137,Star-129,17.40877384058958,1.4967103028993645,335.0258103282213,8196.436354007565,False
Exo-138,Star-648,11.456400496803585,4.1232838519078685,73.7325275541311,8705.828691362574,True
Exo-139,Star-472,5.152638765911633,3.3075016049573165,225.26748377165512,7304.847682387926,False
Exo-140,Star-63,13.756973208054793,0.9605576480084583,294.35430118408306,7815.188769159406,True
Exo-141,Star-139,14.928220828723804,6.36908367161851,474.34309407086545,5626.819331098664,True
Exo-142,Star-499,5.145604971877599,7.3854556706404235,127.01136325563421,6770.869671401274,False
Exo-143,Star-593,7.86571328043775,8.496468145122147,180.26612321020653,6669.114195083136,True
Exo-144,Star-392,10.919385733845987,1.3154912076608143,190.29993637128948,8936.334537915403,False
Exo-145,Star-675,10.182943218320014,8.776796351165409,303.1635406647965,8879.747861975278,True
Exo-146,Star-419,8.097552681274468,6.464963079781107,179.00929446696082,8828.763285429302,True
Exo-147,Star-289,6.303885902931562,7.0690667378712435,267.2224507245481,3077.2212998372606,True
Exo-148,Star-379,2.449705299656336,9.11517763504901,391.1133745926697,8246.818391282217,True
Exo-149,Star-773,1.5429632865736935,6.285136583328186,352.9874114619896,8310.734730777034,True
Exo-150,Star-490,19.191559189222367,3.4250719857833674,223.7379546097802,7748.651759985993,False
Exo-151,Star-231,17.019291309864002,8.268562581084332,432.2438726594103,8293.852605240168,False
Exo-152,Star-41,7.420651214023052,3.6942862007313964,279.5119845473376,8893.792600476962,False
Exo-153,Star-28,19.1576172599659,0.4388582971232383,270.413013911604,6292.2333787125,False
Exo-154,Star-135,13.697013136273915,8.323479614995973,18.05969520363993,6514.35149441913,False
Exo-155,Star-201,9.909158518031528,3.5174022343246283,493.35979719822365,3872.9983983797333,False
Exo-156,Star-840,10.114000326550197,7.760961779693269,62.36243345628373,5697.631181331532,True
Exo-157,Star-780,2.124046018307563,3.69130315719286,116.33432530139565,7503.556259382491,True
Exo-158,Star-930,2.288230871540381,8.624573397749744,26.796721783521953,8462.798433030921,False
Exo-159,Star-33,12.247598055071819,2.273154198301491,320.36148045161997,4520.463683838474,False
Exo-160,Star-48,11.297209520743115,9.748017925468812,113.12588730936731,3964.760294114648,True
Exo-161,Star-503,4.6481939529724645,7.819611870401505,90.82520829888902,7641.294031503446,True
Exo-162,Star-407,18.950793586192958,1.2309554666119287,45.189236527397455,3013.1591846743745,True
Exo-163,Star-574,15.73527298418845,5.701188537668949,52.55116960488382,4248.608090151309,False
Exo-164,Star-728,2.7125597393402363,9.855136391193174,292.7506795208518,3203.499662407676,False
Exo-165,Star-805,18.653117560902206,4.763547981668762,344.41572506743114,4168.195824984096,False
Exo-166,Star-99,19.497840066421,1.9028606743336742,199.2921152437361,4269.234959478536,True
Exo-167,Star-684,19.920659219591418,4.899305834788427,240.46864371444454,5713.715163252759,True
Exo-168,Star-872,1.589487516208326,5.173330793231024,343.2979002555091,5816.289872805892,False
Exo-169,Star-726,14.872193357424672,7.442700747863789,9.67251530255434,9119.837294271665,False
Exo-170,Star-987,11.145357518217285,7.018573946292954,162.242197878069,6570.767987491777,True
Exo-171,Star-547,14.263713935634543,4.085245431610107,486.5757762871029,8063.8333592860035,True
Exo-172,Star-961,19.38871290749563,2.258428764191456,290.47600261803854,3728.961505442012,True
Exo-173,Star-739,13.916585198413262,6.486036260916362,127.85806536884914,4578.0712882458565,True
Exo-174,Star-613,16.82079554762879,4.27486895207749,261.3432932714704,7920.604086850737,False
Exo-175,Star-943,17.403939753561406,1.409534490140771,171.98409057233675,3369.6277232796965,True
Exo-176,Star-462,16.85037489339771,9.015665782240218,266.59024942432325,6406.183635706272,True
Exo-177,Star-643,8.808783763415352,6.943096390335579,63.74501439151776,7195.582759640537,True
Exo-178,Star-769,4.840240142635095,6.863520178810266,67.22461225581941,7215.019508367367,False
Exo-179,Star-5,8.234706238107911,8.243580371525573,72.62763865765703,3160.5296788762944,False
Exo-180,Star-218,17.891989721147144,5.343650618685303,469.97007617149404,5254.756029604298,True
Exo-181,Star-503,3.358794022994497,8.169038841184326,366.71656025232954,7455.434557344078,True
Exo-182,Star-767,10.509860289501662,5.031098459758957,82.02856543649813,4042.998153044704,True
Exo-183,Star-398,5.047947412278292,0.7650364591655299,94.98619279903512,7867.909538296372,False
Exo-184,Star-871,11.835455635922255,4.111956071474118,365.6839079605673,8221.476461695722,False
Exo-185,Star-795,17.331201178785577,5.0249024504009165,78.92575855129479,9873.784333123018,False
Exo-186,Star-393,17.667019388449127,7.2300055581597285,118.04608537407951,4468.893963994866,True
Exo-187,Star-207,5.115361276800535,1.1551294282738762,481.7100695773791,8775.914673662806,False
Exo-188,Star-15,18.200027273796653,1.4861835327384452,128.39795583948748,6642.076038430579,True
Exo-189,Star-858,12.041830407015045,2.7104696460827027,331.1545428352022,5614.238173009214,True
Exo-190,Star-554,7.329255810656114,2.738334094371734,489.3370124128647,3856.6373012762456,True
Exo-191,Star-892,14.309533313872397,7.348627326744718,187.77408680275653,8148.539245412763,False
Exo-192,Star-461,9.892506265300248,2.582233539559818,9.740479440169056,4651.00319400581,True
Exo-193,Star-691,7.870758007383962,6.367670827238731,122.82949792076475,5599.95401311132,False
Exo-194,Star-575,14.249145103784867,4.993311116368887,415.60771847951105,3437.795588281579,False
Exo-195,Star-864,5.350121011390615,5.775614343976066,432.43980914156333,8609.568410736632,True
Exo-196,Star-743,6.939924315872421,8.397258935465128,384.4911628973718,8366.119667801504,True
Exo-197,Star-241,8.971810967521291,4.103376865335341,57.44179971920994,8135.310810296187,False
Exo-198,Star-564,5.446802390526205,7.732022632936278,397.9596754765052,5096.104573443206,True
Exo-199,Star-96,8.401440692237633,4.278156989551805,459.42022069975866,4214.360519861701,False
Exo-200,Star-900,11.643723991497708,3.6033266279563696,300.7041617305718,7462.872851291609,True
Exo-201,Star-734,14.948990287758033,9.590409055400883,470.49680281269434,6473.164688792536,False
Exo-202,Star-485,15.46029963561715,1.925272114721736,413.5926029722268,4247.767268332491,False
Exo-203,Star-407,16.544411861595517,0.994335909718318,333.81878697846275,7801.378897349046,False
Exo-204,Star-231,15.012127310394309,7.732760662801238,289.0154331191623,9937.885022749126,False
Exo-205,Star-749,13.780268828389726,0.7756720830055067,174.93825995374326,8230.537114194263,True
Exo-206,Star-655,5.131376190203164,8.387082007959991,80.48443517615976,8179.904706799282,True
Exo-207,Star-171,8.304346411004484,4.428214623936711,302.8720074225799,9652.189270514142,False
Exo-208,Star-541,9.81544037216444,9.163585405189949,159.7376652554416,4420.554573024316,False
Exo-209,Star-36,2.116380773020407,7.243175325106866,433.3528950962951,6958.849754450082,True
Exo-210,Star-525,10.803217365295579,6.14300620337878,496.6751317419556,9857.527005237183,True
Exo-211,Star-160,9.00854871632784,9.498137290871881,376.4614535451707,4157.058776791222,True
Exo-212,Star-839,16.141130356021314,4.026828793215338,46.150365948238324,7901.763716111647,True
Exo-213,Star-699,19.569063040708283,9.545460671742367,145.05411216978843,7100.671021803314,True
Exo-214,Star-243,11.342098253530398,1.4365126464699487,55.445706251109115,7105.353645320949,True
Exo-215,Star-86,6.792384571412882,4.889173925130886,325.6053122480662,7883.694392640526,False
Exo-216,Star-796,1.346315274314369,2.7721211016827296,382.8302414133365,9507.318460129789,True
Exo-217,Star-578,18.530544939360123,5.444443511191115,462.9117406094752,8478.073578959365,True
Exo-218,Star-682,18.42275644793386,1.7039373911266877,219.64800085958183,3392.95272391347,False
Exo-219,Star-557,5.433308275790202,8.43114363706943,450.7864491446337,8969.096139129979,True
Exo-220,Star-574,14.060516900579627,8.479437708214117,439.06768836162246,4578.789309480128,True
Exo-221,Star-953,1.9709736682505006,9.556839495962443,159.2806626659339,5638.3991531546035,True
Exo-222,Star-646,3.741200922230432,1.6312541947440387,434.58141214474495,6232.129695286675,True
Exo-223,Star-796,4.727777578436578,6.270992253959409,188.46045368898152,6366.342005271487,True
Exo-224,Star-28,6.242631963368883,4.794949356133659,149.1377680055801,6046.262794787497,False
Exo-225,Star-620,19.91871181307273,3.509398947237909,324.88825473840217,9561.47305951105,True
Exo-226,Star-556,14.090038589344388,3.5802475952287662,164.86223271465545,7942.133053648172,False
Exo-227,Star-340,7.991935711894788,4.186656151006847,315.47416541624295,7418.194521696944,False
Exo-228,Star-798,14.873463763938876,7.078762941920635,305.30607094384857,3348.894194480591,True
Exo-229,Star-958,18.347459662547575,6.023031976854731,282.1560247468809,9327.393311822623,False
Exo-230,Star-331,19.194696944453,4.650846976335198,190.82943241216606,9365.731344058773,True
Exo-231,Star-640,1.6283460062752941,0.8517407626592587,274.7013611040869,8461.491444010717,False
Exo-232,Star-506,8.193175072858532,0.8698769063816751,298.6462520177254,3049.204426695334,False
Exo-233,Star-348,2.5817432857497455,0.12315996719520478,273.29775735924125,3400.9617575433635,True
Exo-234,Star-473,7.045371263540782,9.680223943250157,222.76530692284956,4576.565915879428,True
Exo-235,Star-231,3.8087581259635277,0.15201280372801065,8.318861466085641,3919.445857014347,True
Exo-236,Star-190,13.113543052540114,1.1206280855360744,293.9437921428743,5791.8522079261065,True
Exo-237,Star-225,8.071233487802507,3.214505912413168,85.0537481862171,9458.361406614527,True
Exo-238,Star-385,4.973197541246519,8.093559492985936,321.6454085046476,6304.423039378988,False
Exo-239,Star-377,5.68578953680266,9.624777979064765,379.91281963351014,3093.8183850251594,False
Exo-240,Star-283,7.526729356502731,7.921134232039376,250.72220925624,4979.219827051334,False
Exo-241,Star-958,5.569022325658122,6.936546301211842,271.63946882488943,3312.1643586107307,False
Exo-242,Star-633,9.338196513162206,5.260876607394337,475.7878012733296,3254.013358294515,False
Exo-243,Star-628,1.1301610466381842,0.9583815974356178,423.73651332491454,4930.038971668866,False
Exo-244,Star-973,5.955388389794441,9.585890850738911,457.2040214597835,4929.286370752618,False
Exo-245,Star-745,8.518531057007632,7.608084898062247,407.06937787147365,8509.886218211228,True
Exo-246,Star-259,12.25424669945432,6.425598914809192,55.35025258151899,9823.842569467783,True
Exo-247,Star-359,5.783674029045033,7.614454870834614,75.34693612912716,5598.449657229988,False
Exo-248,Star-710,3.097109941863119,7.268622959804072,263.7852748372108,6002.20815202727,False
Exo-249,Star-456,1.9859074021836813,6.40859263991592,123.78875974020113,8913.52605400215,True
Exo-250,Star-411,18.840370629139976,9.807710321781883,238.87104204553842,4876.973140668593,True
Exo-251,Star-649,8.624461625900345,9.043301745096647,197.78829658535676,4094.6726308241355,True
Exo-252,Star-318,11.832671113026112,6.5019826992599175,275.1577049767962,8971.627363825553,True
Exo-253,Star-677,18.423942760793413,6.962434593423555,373.6909823517755,3325.5041050804584,False
Exo-254,Star-225,2.1135941906884694,0.610798485921229,358.02996264253795,7337.89608139591,True
Exo-255,Star-819,17.594898975552958,6.732182899045388,261.09583211018185,6933.9499322676475,False
Exo-256,Star-234,11.255963514609366,0.5372378333299918,411.374315989712,5421.443132511859,False
Exo-257,Star-684,3.7142680921715185,5.923811194002318,216.00018367747865,5206.326647681512,False
Exo-258,Star-664,8.519474773414697,9.993599645701766,448.4604306302211,8403.00408327135,True
Exo-259,Star-975,15.663244532836899,5.602485156228079,36.56885475752679,3604.9722753378255,True
Exo-260,Star-827,9.867216596393916,4.7847801690052005,477.37535498662044,4657.490165179698,False
Exo-261,Star-374,19.713077987977336,3.1972630794053165,327.6918476342427,8127.141122866628,False
Exo-262,Star-672,7.846409913789845,1.293173529985998,190.65717995966543,6838.244086084969,False
Exo-263,Star-608,15.116776849533405,7.337134347436988,99.37990915986579,3895.917459735105,True
Exo-264,Star-472,8.163294255087752,2.0067303750777414,240.11243149235636,9174.949299974422,False
Exo-265,Star-233,16.66870230377703,1.2412920103481153,98.08460326946519,5754.134925945141,True
Exo-266,Star-692,11.597088648732079,4.275450331332074,83.99947226382794,8795.07862725521,False
Exo-267,Star-113,1.7384806770050263,7.973884195795065,309.0585269490741,8513.991108693961,False
Exo-268,Star-830,1.218026418901832,7.476139026390182,262.01927756631056,7370.9781253020965,False
Exo-269,Star-497,3.110116316612347,0.6433378850001018,335.37792127085993,6461.367919065651,True
Exo-270,Star-442,0.766603314126447,4.605922481857945,464.8733328335726,9856.855882672298,True
Exo-271,Star-564,1.9695016768730151,5.272102303104573,266.59784645618106,4014.7555066587192,False
Exo-272,Star-268,13.988430744793785,6.48101184119564,290.8850945781361,8076.090092857804,True
Exo-273,Star-510,10.91975236307453,6.536656769387959,45.72354323831612,4338.334910253523,False
Exo-274,Star-807,15.12325961466445,3.710502769627328,359.10025716840613,5367.841737326438,True
Exo-275,Star-386,18.306732169024034,5.650704220634789,200.55269819527393,5160.891203612367,True
Exo-276,Star-387,11.910415880346703,4.8625126500564555,488.38589409262687,9629.251914171062,True
Exo-277,Star-113,14.659356459401037,8.861483729580483,411.7638337822345,9771.493244517926,False
Exo-278,Star-613,15.26308343982789,5.349624813085512,261.71803921754304,4281.10810964309,True
Exo-279,Star-625,7.8680857108778355,4.4662184013068,62.488104431910855,3154.2461220825294,True
Exo-280,Star-952,5.201154230427821,4.104405951850323,429.848480847014,8040.056277641792,False
Exo-281,Star-81,4.498383905877236,5.767034818391311,400.0907666165868,5925.9295370933905,False
Exo-282,Star-699,5.40312757048007,8.059372096068886,93.10797963897946,3621.8817156129508,False
Exo-283,Star-113,5.857270042005221,5.430174754769797,148.34386632093472,7786.278739039298,False
Exo-284,Star-2,4.540939155657101,6.650386233297361,396.9102218157708,6815.738697824898,True
Exo-285,Star-642,17.62530301584425,7.404772092374598,93.42899482715742,9863.617754007742,True
Exo-286,Star-220,15.26148307735846,5.249664287799446,458.95849209651726,4591.8664710296525,True
Exo-287,Star-566,1.4144811219287885,4.325488860883158,212.83918517298457,5827.845134285838,True
Exo-288,Star-855,5.739113399493493,8.77898724083825,44.43244233124166,6797.820623767961,True
Exo-289,Star-997,0.9326024695908818,4.233310231876132,408.05857310863615,8541.899919173462,False
Exo-290,Star-736,10.214221139594912,4.673234220698317,187.38133183615543,6841.870597040411,True
Exo-291,Star-225,9.786108587385776,9.904379002083594,263.72309788273674,7290.301126033644,True
Exo-292,Star-385,16.711744056218773,0.10235148340125734,57.03986786119837,4583.029361129586,True
Exo-293,Star-403,6.501656175535464,1.9361818048095525,2.2894234076462103,8928.43109661992,False
Exo-294,Star-638,16.419521836654717,3.901242510205285,319.35461769085555,6000.41382879333,False
Exo-295,Star-130,19.37548842607655,9.332640103310004,258.0724099965321,3986.717392652385,True
Exo-296,Star-53,2.2239603556301084,0.7932940868999632,297.17574599245046,7649.315401537921,False
Exo-297,Star-684,15.940447869657842,0.19390579292213095,397.07818133987763,4512.633172297153,False
Exo-298,Star-730,12.004139994183904,0.621569976174563,323.6563507980072,3682.9375716750983,False
Exo-299,Star-672,9.860896356860264,0.9765797650748197,88.2119479708612,9033.908358829905,False
Exo-300,Star-710,8.700447683968964,0.47220805474198263,181.0254870361893,6221.135851419078,False
Exo-301,Star-416,15.801031146914037,4.849835135879397,453.0396612890924,8244.985988870434,False
Exo-302,Star-247,12.967546460997726,5.8494963515505445,385.2024054255878,5034.112918644486,False
Exo-303,Star-836,16.198371016627558,2.7897010135831404,278.7618919104219,8508.790944423665,True
Exo-304,Star-439,18.111445644194212,4.043045101358793,128.56685390682688,3783.5514891507123,True
Exo-305,Star-203,12.536642385897194,1.0078234176031584,151.72819041556272,5491.813616563969,False
Exo-306,Star-184,19.61902313930137,3.4300675919013783,366.24707572523164,9846.4327258147,True
Exo-307,Star-123,12.357713066066761,5.272939997181779,425.7359561655326,8557.928014576042,True
Exo-308,Star-401,12.91456427163451,7.349490891127987,336.0409100957766,6480.791512202817,False
Exo-309,Star-767,11.3189043665734,0.13312898422549432,404.95545790845244,5378.442300933196,True
Exo-310,Star-294,2.2745407755009404,4.7263765887227605,383.5614114650026,9104.949900157335,False
Exo-311,Star-280,14.66474213667945,3.040328476903334,75.7022800105219,6813.93431359161,False
Exo-312,Star-837,11.175202984532675,8.542936034749824,212.54846164373768,8308.975125083778,False
Exo-313,Star-884,9.292753724614036,7.1839778208189955,77.33891661345277,8278.753762213148,True
Exo-314,Star-610,18.254189928863823,5.9321744912618595,118.38255681619042,3125.619749979443,True
Exo-315,Star-198,6.310209305068034,2.8449298923980586,434.7605527008752,3883.776479548294,True
Exo-316,Star-982,10.710244382292718,9.11235711036959,236.9730908509579,7617.405564763196,True
Exo-317,Star-907,14.104016494122535,0.5464967044811995,268.1436928194878,4131.3386790011,False
Exo-318,Star-511,16.031199625640607,1.18372922692324,90.0445366486583,4788.453412589233,False
Exo-319,Star-752,9.457262754950362,3.9771383913495253,156.8236212383492,9626.46567939725,True
Exo-320,Star-144,16.92078259286484,1.3319318172388779,115.89283804550709,6921.275808624383,False
Exo-321,Star-609,15.49389595565025,9.568515405838308,103.88689609469478,8255.10654899543,False
Exo-322,Star-201,1.7916015681113842,8.000094289219495,319.3424358646691,6905.865171478479,True
Exo-323,Star-124,1.3942946948903425,2.663928250857955,129.18503997521168,6867.595303479076,False
Exo-324,Star-187,12.60571084623078,5.926686866835129,316.3757275241888,3659.0633708798855,True
Exo-325,Star-326,7.274561460395577,9.82507209929281,30.168852440168397,5405.642348263721,False
Exo-326,Star-464,4.578050426031027,8.85356988350188,71.74542237002383,4977.016290805582,True
Exo-327,Star-349,11.803173722198899,6.047904619777761,137.99558674606257,5735.098559295293,False
Exo-328,Star-771,7.160482603902628,9.046867275035178,298.92641153095013,8588.409317570298,False
Exo-329,Star-660,10.976636625924366,9.892930607152254,338.2447812986006,5603.528675418054,True
Exo-330,Star-764,9.472323600179655,7.459192946646879,221.91576642298403,6161.8777346217785,True
Exo-331,Star-955,11.902939066008496,0.7433654538806509,223.44966637403726,5781.669733397215,True
Exo-332,Star-932,8.305859533750487,4.075644340612326,362.5339088479104,3653.8558038270694,True
Exo-333,Star-403,14.10451768709017,8.39447477930413,8.894724791025638,6087.505107755486,False
Exo-334,Star-346,4.011311810811321,2.3826350384696884,171.20392221263606,4369.264911311605,False
Exo-335,Star-963,14.08177859142804,8.323360925731183,409.53482150249715,4307.06307041129,True
Exo-336,Star-511,8.527393679971798,1.2913537441464598,302.00648569647274,3658.2527310398646,False
Exo-337,Star-147,17.549193294661134,0.5647590357633487,169.27633924495476,5496.696818992353,True
Exo-338,Star-148,10.547103069852112,3.902497053763371,452.85687137250727,8302.373193525922,True
Exo-339,Star-864,19.475651810767033,0.4636461805234749,386.53874099724186,4935.0918340837725,False
Exo-340,Star-711,12.237740213048724,9.576975603534924,133.18282817112998,5186.443713198595,False
Exo-341,Star-820,4.865056785173252,8.279436388360262,322.99962892533273,7498.722603706965,True
Exo-342,Star-489,16.52491741846676,8.027619902585764,298.27961336628937,4370.885688108432,True
Exo-343,Star-929,7.229111242536542,6.334801437661916,201.19276910545236,9278.70551296474,True
Exo-344,Star-936,7.278574682412328,2.24160782806188,184.11108352319553,6641.333662760881,False
Exo-345,Star-640,1.12019128896072,5.2307776300962825,172.43667691307627,6133.220582241519,False
Exo-346,Star-551,11.199948529544468,6.013013317060376,308.96073591442774,6904.74134350441,False
Exo-347,Star-338,10.9212583227842,5.297811858516655,221.7625583038541,4162.240193913368,False
Exo-348,Star-872,7.441833943303729,2.6763103427201202,416.0996935124596,7294.311970474234,True
Exo-349,Star-641,17.93723662647055,5.200954450715787,335.131705450847,5541.705156438073,True
Exo-350,Star-779,3.0105937668430562,4.962744774599403,35.895871249007634,9280.304386752332,True
Exo-351,Star-988,6.93694050954803,9.96372418048657,320.44394369025486,4181.979446743803,True
Exo-352,Star-953,6.770863911260565,8.984617865657418,136.3025708135922,6549.357727058087,True
Exo-353,Star-473,2.299666431460549,4.687469407334637,296.81318383505794,7186.7884055831255,True
Exo-354,Star-946,9.882335184097718,6.267080091057675,340.38583362062224,3233.6852125046685,False
Exo-355,Star-151,13.91180198337362,7.503928880513063,116.18376538785202,5545.8518732929815,False
Exo-356,Star-415,10.477311764171594,0.4451650863148666,228.97246379530395,8128.446642905829,True
Exo-357,Star-990,3.5610648129657774,8.959722268155616,95.97210654671483,8742.642552142814,True
Exo-358,Star-298,7.857076322220415,8.615255482537446,27.11709901746765,5192.133963720977,False
Exo-359,Star-611,0.5506029754811079,4.628577767959703,189.85973531944867,8590.15290667926,False
Exo-360,Star-263,17.431871587193942,3.9725806841957603,182.10919165115,9774.291139723722,False
Exo-361,Star-764,2.1480816497732977,2.802297811077518,497.74476486142424,8998.117552525659,False
Exo-362,Star-144,12.146922603980896,4.819100600470647,223.72982324762344,3823.5079171152765,True
Exo-363,Star-346,19.732011419402895,0.539328968979044,167.45120518662802,8178.112324598785,True
Exo-364,Star-624,10.963517596752984,8.536715980135376,290.6570283516206,5237.667827083813,True
Exo-365,Star-572,18.518814302594947,0.4506814473435962,45.294929659776464,9918.911925884535,True
Exo-366,Star-881,5.104272395789384,3.357608517161723,480.8712022414518,6397.51288211921,True
Exo-367,Star-2,15.31913047428292,9.322735934358,317.84506274992555,3857.037288512587,False
Exo-368,Star-897,10.859682202483913,7.378605279782183,377.66407215048304,8076.298836191735,True
Exo-369,Star-304,14.550063197133564,2.8857705097175153,86.06849114878486,5261.078388703497,False
Exo-370,Star-254,1.7156565689692083,2.6012260302127626,205.32944864959674,9979.547099571631,True
Exo-371,Star-652,3.3809122921714208,0.15031318419845707,211.9218675846986,9858.477204981653,True
Exo-372,Star-453,3.095780107455826,6.987571499212527,411.0814155066423,7592.938126144065,True
Exo-373,Star-37,13.899727355364956,0.5829574585644136,1.6171031999453118,3908.785142662023,True
Exo-374,Star-160,16.96659311635576,5.372764942067545,151.12570106827428,7808.0269837252035,True
Exo-375,Star-9,15.117516524167455,9.625007528661293,490.63695079780763,3651.2134052201905,False
Exo-376,Star-233,1.094206978305086,1.1837417145390936,237.9683852096031,3205.5491137167464,False
Exo-377,Star-99,17.410692130957106,8.955351316583869,191.88061384176012,8760.709123550403,False
Exo-378,Star-659,7.4058600804659465,9.915605817935978,60.79467200680553,4468.27063378577,True
Exo-379,Star-816,8.244694733829608,0.709018559768427,487.1081496853798,5653.1898835336815,True
Exo-380,Star-208,2.5449487473833776,8.840772064460866,10.993151606986409,9814.201729833212,False
Exo-381,Star-131,14.879401518829473,5.209182302391805,368.85293227861433,5357.883513027723,True
Exo-382,Star-404,4.054535630281182,9.074485822501343,384.5313025894657,5075.428468983207,True
Exo-383,Star-152,11.49731929436731,5.756057525003784,122.58470131586945,9427.455997359426,False
Exo-384,Star-54,16.893844724619658,6.65490890005499,336.1076633629056,3775.2391172327066,True
Exo-385,Star-120,2.2394844098850957,5.4834111891742525,47.37164304531557,8317.076870802422,False
Exo-386,Star-673,10.93904349830271,8.65847951504275,129.26658594960784,9916.458966569418,True
Exo-387,Star-920,5.047720025221124,7.365708197641648,394.16309215784025,9309.072075422542,False
Exo-388,Star-628,7.1870738534260745,5.260477090586107,432.47840982473656,7561.675430944982,True
Exo-389,Star-587,9.742413857895844,8.694791960110315,304.6347199172359,5198.425564949124,True
Exo-390,Star-625,7.424533913946442,2.5283267693278124,253.9123774784208,4780.253868248217,False
Exo-391,Star-968,13.152045385685732,1.6576725310550071,80.49270628887118,8734.785734100227,True
Exo-392,Star-420,9.851850984207879,1.6879610427677139,32.49140750649593,9158.753397661867,True
Exo-393,Star-422,11.8918899519263,3.406687899577855,59.70686520830576,6678.04438781985,False
Exo-394,Star-104,14.8680382702008,2.4630313098800736,114.45129274795329,4710.379585505263,True
Exo-395,Star-852,11.37597418603353,9.307894470046413,171.4955764465635,3790.6024588782147,False
Exo-396,Star-254,11.937440975884803,1.1477575289029815,191.07385322998263,3610.2562748228183,True
Exo-397,Star-227,11.506941579191505,7.020008306591918,173.81456252591278,8033.542131476989,True
Exo-398,Star-112,7.886066206050143,1.9732932438715585,120.28861076643554,5940.831094934075,True
Exo-399,Star-510,7.080213260502402,8.828207614426466,255.35239912909736,9337.519119945093,True
Exo-400,Star-473,18.04312424432774,9.617021353030584,412.8177680082155,8177.699105087346,False
Exo-401,Star-99,12.34732683472467,4.708153086822837,140.57206569726813,4338.822925402107,True
Exo-402,Star-153,5.264886531560763,8.802807654258503,471.25112253201434,7296.441931709893,False
Exo-403,Star-861,10.215830108054334,0.1509371904716762,436.79499420020005,6048.538180787115,True
Exo-404,Star-914,6.941795384977823,8.217474482340192,81.7203414647027,7040.748115380292,True
Exo-405,Star-896,18.706990563317554,2.363389099096743,393.35170242179015,8166.48386336962,True
Exo-406,Star-878,0.6469200811144574,9.096142961766743,287.71910377656553,8643.371167026535,True
Exo-407,Star-338,4.893989555394301,0.11108910365308393,283.72110572353785,8906.16128484707,False
Exo-408,Star-706,7.624457983644124,5.606199176893594,196.13033876602904,4777.824122004173,False
Exo-409,Star-822,10.01229111577039,7.590694457470853,251.07534659182286,3217.8091994215038,False
Exo-410,Star-163,17.09094159780485,2.661014473909289,199.1922099371763,8175.063146153412,False
Exo-411,Star-720,2.2138086785328053,2.0120153594142014,270.32657676121147,3744.406083790422,True
Exo-412,Star-957,16.214365291452296,0.932572422233048,314.34707633354526,5204.437120290773,False
Exo-413,Star-681,1.585243042461019,3.3316924073826004,337.47759939811516,3026.71993887043,False
Exo-414,Star-996,16.925123688314542,5.642458691857412,266.70811508715366,7771.686376811341,True
Exo-415,Star-161,1.5068918185530003,1.246854182124551,360.98961159703714,4169.924080298549,True
Exo-416,Star-580,0.8557283878530404,3.829284083669308,71.4977465884774,7586.976867841608,True
Exo-417,Star-801,14.09074851614522,0.18981680606197715,106.77926296021703,9942.198320174872,True
Exo-418,Star-398,19.94648292798369,8.204926262948433,409.5487670330608,3508.696101270114,False
Exo-419,Star-277,17.983900127993405,1.3716423091225944,161.94146094536117,3539.5460836602247,False
Exo-420,Star-816,11.73196914721037,2.9050951878292577,12.424018663084004,5382.660648666724,True
Exo-421,Star-916,18.389214455167867,0.28243441550835297,77.74178368434751,9064.705599759394,True
Exo-422,Star-504,0.6033501247533056,4.379183760535872,112.58360281365931,4508.709081539323,True
Exo-423,Star-896,19.513809677430277,8.417202877138067,478.70412105939903,5522.644739512433,False
Exo-424,Star-392,10.069601195546298,3.9822969933074464,286.9476730364938,3479.537846388857,False
Exo-425,Star-135,14.596473884124626,1.8770235018959507,466.43263949765117,8342.087038812226,True
Exo-426,Star-195,16.506798726490373,7.56161845710014,288.0065118978158,5858.144399316157,True
Exo-427,Star-401,14.509916781312796,7.909189120520368,240.19786562878804,8314.7411314259,False
Exo-428,Star-640,10.933216274875756,1.8201594055449113,157.55011790585394,9325.254910427566,True
Exo-429,Star-33,9.794079940465034,7.731455674555799,303.57910127225443,4629.3420297090215,True
Exo-430,Star-688,16.852359894701184,9.478249093737746,70.45981428414738,8651.77221237966,False
Exo-431,Star-460,4.499012422914452,1.747138110629496,449.2325520190603,3413.657230547773,True
Exo-432,Star-955,19.375884296832567,7.7327444960681415,414.83687016550056,9291.931717261732,False
Exo-433,Star-883,14.363573337316591,7.114862845566031,159.44819249049178,7555.3798329112315,True
Exo-434,Star-470,4.390385083097235,4.788381495507377,476.4459662730459,9119.587068968462,True
Exo-435,Star-375,14.85682008212052,0.6734125595321031,412.7751829403685,3001.3187968960733,False
Exo-436,Star-22,10.831880452031776,0.8394747358027548,333.4871360316848,4183.567492491948,False
Exo-437,Star-750,14.290986865066667,8.538905126066613,61.75919365151212,5728.315711985445,True
Exo-438,Star-670,15.471700278135357,9.902468890231406,239.63877750098806,5656.52032362303,False
Exo-439,Star-38,2.202158501998671,6.792917346148869,253.5476698685287,4587.112680464575,True
Exo-440,Star-230,10.369027149007266,4.514987239402183,117.04312782432467,5671.2835790704,True
Exo-441,Star-365,18.674279674010215,6.510979069678886,40.90273178529167,3901.940984001784,False
Exo-442,Star-563,6.752522747110529,5.984519006362599,388.58509160537466,5889.327904862183,True
Exo-443,Star-438,12.080720402379027,3.897761378015656,61.895491010073115,8616.48030411485,True
Exo-444,Star-776,7.699994389442974,0.7496988312827282,297.55108453032557,6353.490441723458,False
Exo-445,Star-283,9.358225458272443,8.232978179333665,468.28813776794664,3126.000622616505,False
Exo-446,Star-27,11.197760799793988,3.7811519394633737,438.1764911064232,5950.108291054732,True
Exo-447,Star-226,11.203978607835056,8.205977869235229,139.5985592508813,3190.225112635909,False
Exo-448,Star-277,4.433744015439599,2.599836621914984,425.8728701380814,9763.703874947587,False
Exo-449,Star-798,13.84914518365675,0.11019185047177063,1.165920554124214,3892.177715960083,False
Exo-450,Star-609,2.2134281692318076,1.6734890044398896,9.826216997015354,7953.818284314331,False
Exo-451,Star-284,3.2070830821193974,4.738540226008985,301.6740287575896,9809.434260244601,True
Exo-452,Star-879,0.5528625385794286,9.448605986082516,183.03431135312022,8782.273361666003,True
Exo-453,Star-960,2.7755732507627857,1.111716834967818,193.8439597384144,7895.207625883426,True
Exo-454,Star-481,9.726740920511899,8.556676767169504,282.65610424876235,8876.226366505369,False
Exo-455,Star-453,12.318986680588853,5.317538552497435,96.69944534033843,9872.590852824393,False
Exo-456,Star-829,15.988644274346017,8.276615581418977,106.66591998207369,7349.411480774707,False
Exo-457,Star-816,2.580635377212003,3.053906866800927,242.81619192241348,6914.293647805285,False
Exo-458,Star-659,17.089185470320867,8.415476930257473,377.3725186275877,7397.66677324297,False
Exo-459,Star-516,15.046503248200004,7.750945522166365,310.1293779523862,6728.731207330885,False
Exo-460,Star-547,8.46610671225038,2.377531462011196,149.3801690701826,7445.623741368032,False
Exo-461,Star-192,18.692292308449115,1.4002177514528429,215.73825157695168,6148.895455807915,True
Exo-462,Star-49,19.823124790919117,8.6937377930697,86.16171451644921,4529.10228018315,True
Exo-463,Star-512,4.4975352960381265,9.636042869057306,38.240277354203776,3841.7305855817294,False
Exo-464,Star-17,7.8949574067941075,0.4098929061004108,391.5653243313305,3478.3865487258226,False
Exo-465,Star-172,18.565763759999367,7.339573663039487,133.4283171849091,4843.210486272401,False
Exo-466,Star-220,14.571132739649904,9.104292658383402,89.70542753777286,3322.864950350137,True
Exo-467,Star-158,1.43784555729971,8.587864911715737,346.11740972909035,6970.195459435699,True
Exo-468,Star-477,15.73953239415259,9.648752675475064,309.4077854693058,4986.799129164642,False
Exo-469,Star-46,16.644847299961093,7.6249313765371625,316.96162338071855,8771.743656609226,False
Exo-470,Star-373,15.134787532923614,4.478757747571012,115.2184078184602,3519.6861109187053,True
Exo-471,Star-518,16.090974052930555,3.1883247059017914,117.09012374277782,4584.460460390402,True
Exo-472,Star-99,16.590087195509547,3.2753531303374617,111.18051226303393,8111.723029631022,True
Exo-473,Star-892,4.13489724236881,7.271784458879758,87.70254523548496,7191.65807468444,True
Exo-474,Star-745,5.095989048267495,7.483786419106547,328.2061126082665,3451.4388987441725,False
Exo-475,Star-37,12.858291992543457,2.083555521132255,424.1599267394513,9140.676200135404,True
Exo-476,Star-280,18.20338954401906,8.694415853556258,362.43441736865395,9140.832339783257,True
Exo-477,Star-349,6.665833354781645,7.177747998002252,396.25472324651105,5312.856027130417,False
Exo-478,Star-497,11.971980178003605,5.671227834799488,202.99441611351472,5382.840903446953,True
Exo-479,Star-302,13.818150236634082,4.768171355014876,327.3838218906271,9923.198508451218,True
Exo-480,Star-181,9.312997725331265,5.478004777320586,177.76388398194248,7383.2332011519675,True
Exo-481,Star-607,14.418757869678856,1.6765328089647182,263.22680636235134,6719.215643976414,False
Exo-482,Star-99,18.043515183197375,2.1166423678351145,241.3357884208963,8867.06528486347,True
Exo-483,Star-700,12.669980111545833,1.0025284550212976,89.26668542678334,4997.032368501215,False
Exo-484,Star-993,11.025730707335345,1.6212145777950155,194.15230140747977,6004.278153774499,False
Exo-485,Star-116,9.05552117007261,4.5915669825922985,481.9473154656931,4874.436728418339,True
Exo-486,Star-191,11.76098228266945,5.350508497909735,125.0415485997561,8524.12592612112,True
Exo-487,Star-253,7.429567810458719,0.2768327355353618,67.76806440346488,7013.445419446526,True
Exo-488,Star-981,8.133901148929288,7.988298495853873,209.8717301903437,7611.7754909804935,True
Exo-489,Star-928,10.871220853919393,3.012262936100431,395.3785301942139,4766.150748875846,False
Exo-490,Star-983,1.799072691620931,9.12717674610312,291.4919666602062,4541.577109641205,True
Exo-491,Star-161,4.965995123033529,9.6783615097764,340.80643879188403,6418.622402880571,True
Exo-492,Star-256,11.085561556961474,1.936042859298878,95.65772923916391,8162.960243649787,True
Exo-493,Star-323,8.914798791160631,4.67476317858004,309.85514831085305,6676.678302641121,False
Exo-494,Star-128,6.989907825293444,0.11219516814761629,162.4266970608254,3228.5197428196802,True
Exo-495,Star-18,14.745708167781379,6.023439924712027,417.317379611429,9079.860544242021,True
Exo-496,Star-793,14.0274933443651,6.1123338378004455,315.0201041993574,3452.808254605921,False
Exo-497,Star-735,3.7512498198709716,2.550645560473414,100.22928260987266,9690.771386045266,False
Exo-498,Star-566,17.633267749782046,5.62828545857366,33.24372324219899,3175.993707940909,True
Exo-499,Star-570,10.16076071487733,2.332847410192981,22.273971434229335,7861.153192914961,True
